{
    "STATUS": "SUCCESS",
    "STATUS_MESSAGE": "Records Extracted Successfully. Flow Id :1148542, DateTime : 12/13/2016 02:58:38 AM",
    "SelectedUsersListOutput": [{
        "PERSON_ID": 3109,
        "PERNR": "10251266",
        "BUSINESS_UNIT": "000854",
        "TITLE": "Professional.Professional 2",
        "ATTRIBUTE1": "JKENNE208",
        "ATTRIBUTE2": "KENNEDY, JUSTIN ALAN",
        "ATTRIBUTE3": null,
        "ATTRIBUTE4": null,
        "ATTRIBUTE5": null,
        "ATTRIBUTE6": null,
        "ATTRIBUTE7": null,
        "ATTRIBUTE8": null,
        "ATTRIBUTE9": null,
        "ATTRIBUTE10": null,
        "REC_CRT_USER": "MUPADH200",
        "REC_CRT_TS": "2016-04-07T15:50:18.000-04:00",
        "REC_UPD_USER": "MUPADH200",
        "REC_UPD_TS": "2016-04-07T15:50:18.000-04:00"
    }]
}